id,popularity
1,6.575392999999999
2,8.248895
3,64.29999000000001
4,3.174936
5,1.1480700000000001
6,0.743274
7,7.2864770000000005
8,1.9490439999999998
9,6.902423
10,4.672036
11,14.774066
12,10.54375
13,20.726578
14,13.314232999999998
15,20.666063
16,1.018477
17,6.336926999999999
18,4.1835580000000006
19,6.496258999999999
20,11.359658999999999
21,12.000579
22,7.99229
23,7.820786999999999
24,1.323333
25,7.434577
26,1.252367
27,4.305734999999999
28,10.841891
29,6.759181
30,7.81862
31,16.086919
32,5.69586
33,13.412445000000002
34,8.254856
35,9.718111
36,8.234382
37,2.100499
38,13.676444
39,0.32926
40,3.055936
41,2.941626
42,9.718713000000001
43,2.9719990000000003
44,9.383088
45,5.615303
46,2.382068
47,16.646029000000002
48,20.328822
49,8.984386
50,8.105708
51,1.572904
52,4.473326999999999
53,1.012665
54,5.410839
55,8.759801
56,9.122717999999999
57,2.94798
58,17.038823999999998
59,1.8824459999999998
60,3.909079
61,23.065078
62,1.8010709999999999
63,6.3816120000000005
64,7.743144
65,11.160699000000001
66,8.822275999999999
67,5.145185
68,6.303552
69,14.284787
70,2.238808
71,12.092096000000002
72,7.667491
73,8.290384
74,0.9195559999999999
75,2.482536
76,9.665251
77,0.660663
78,10.451986
79,2.6333990000000003
80,6.636625
81,4.9840800000000005
82,4.3490459999999995
83,10.947957
84,7.482864999999999
85,10.239941
86,7.260574
87,9.741644
88,12.314278
89,13.655178
90,4.359884
91,25.261865
92,3.83196
93,1.690768
94,14.322814000000001
95,18.184055999999998
96,0.181963
97,2.942355
98,1.0421120000000001
99,11.003515
100,5.529808
101,7.958502
102,11.93646
103,1.066558
104,2.401289
105,1.590383
106,13.454169
107,6.523155
108,20.755149
109,3.873796
110,3.210693
111,13.136791
112,5.093704
113,11.696923
114,4.619593
115,32.070725
116,5.00725
117,1.6780130000000002
118,11.356011
119,4.304224
120,6.183021
121,8.345985
122,12.453452
123,1.9612080000000003
124,8.369176
125,16.376657
126,14.622492999999999
127,5.695908
128,7.886926
129,9.929808999999999
130,5.2306610000000004
131,10.130541000000001
132,8.278079
133,1.079975
134,11.73956
135,11.840494999999999
136,1.372493
137,2.490032
138,8.888278
139,10.245682
140,0.9130959999999999
141,0.5853970000000001
142,7.008512
143,5.353826000000001
144,6.675032000000001
145,6.216637
146,3.8058110000000003
147,10.278957
148,14.131905999999999
149,9.322716999999999
150,5.405958
151,1.178642
152,1.279443
153,3.520171
154,10.200398
155,2.6204560000000003
156,8.759774
157,0.768181
158,0.56257
159,6.047757
160,7.54701
161,4.456904
162,1.319188
163,10.850569
164,5.997054
165,9.825841
166,0.836108
167,8.802715
168,10.966014999999999
169,6.501176999999999
170,11.189831
171,9.021668
172,5.524866
173,8.55931
174,8.929393
175,6.116093
176,1.406181
177,5.496624
178,0.060645000000000004
179,14.778884
180,11.137888
181,5.844016000000001
182,5.725912
183,10.313689
184,9.534232000000001
185,9.796552
186,1.36737
187,3.172765
188,0.722511
189,16.088366
190,12.017861
191,5.263187
192,7.271503
193,6.395748
194,13.762328
195,3.3113919999999997
196,1.1656790000000001
197,0.8614729999999999
198,12.915358
199,3.6929800000000004
200,11.695036
201,10.254314
202,11.509677
203,7.7132309999999995
204,14.302910999999998
205,6.1746989999999995
206,5.396271
207,3.14325
208,7.024227000000001
209,8.096719
210,8.140709
211,7.145784
212,19.726114000000003
213,2.011108
214,1.312833
215,13.132126999999999
216,7.321172
217,6.493765
218,11.341505
219,2.972928
220,2.203949
221,7.2161029999999995
222,8.358541
223,1.608163
224,16.628427
225,0.410738
226,11.478361
227,7.668829
228,8.593196
229,11.722424
230,1.596058
231,7.8250720000000005
232,0.941994
233,3.7413300000000005
234,0.492745
235,21.791110999999997
236,6.183051
237,3.4504019999999995
238,0.619347
239,11.945397
240,5.270187
241,2.592927
242,6.660309
243,12.653798
244,8.416802
245,2.7384209999999998
246,9.106146
247,14.134879999999999
248,7.692239999999999
249,9.646208
250,11.162277
251,4.0529910000000005
252,7.284477000000001
253,6.57613
254,0.241287
255,0.079287
256,5.8471660000000005
257,10.758754
258,1.1575819999999999
259,10.686166
260,0.154526
261,0.871303
262,11.511424
263,6.972722999999999
264,2.8497790000000003
265,2.7994470000000002
266,10.271871
267,15.423538
268,10.513367
269,8.778999
270,0.49887700000000007
271,8.425361
272,6.936688
273,5.845712000000001
274,12.285544999999999
275,10.237996
276,8.469808
277,0.558002
278,18.324219
279,2.523707
280,13.455112
281,2.584025
282,14.811957999999999
283,1.575026
284,4.249948000000001
285,7.452789999999999
286,3.596317
287,28.920839
288,4.322726
289,11.269558
290,13.856198999999998
291,8.990345
292,12.153493
293,10.543955
294,1.7919650000000003
295,26.628178000000002
296,1.763116
297,4.924078
298,8.364587
299,1.739182
300,1.8080900000000002
301,15.750026
302,1.533379
303,2.36594
304,5.385108
305,7.362552
306,14.922398999999999
307,12.36223
308,19.943929999999998
309,4.902869
310,7.867999
311,10.445867
312,8.59498
313,1.7580790000000002
314,5.339887999999999
315,19.148182000000002
316,11.672394
317,10.271517
318,15.232738000000001
319,9.570657
320,10.312016999999999
321,1.506457
322,14.170182999999998
323,23.501228
324,9.112008
325,7.569698
326,9.439079
327,10.177303
328,8.062578
329,4.582024
330,15.088318
331,1.895489
332,10.861339
333,6.226054
334,2.8700259999999997
335,0.43849
336,9.453942
337,17.852022
338,0.215013
339,9.783762
340,2.27258
341,11.576578
342,12.235391
343,0.7676310000000001
344,1.021685
345,11.234862
346,3.611453
347,14.575883
348,1.4103219999999999
349,11.267366
350,2.96237
351,13.1984
352,12.00491
353,7.093984
354,2.483032
355,8.333525999999999
356,0.519968
357,8.946242999999999
358,21.605760999999998
359,7.970031
360,12.738789
361,1.43679
362,1.132835
363,4.445867
364,8.400049000000001
365,11.3569
366,7.15307
367,7.883710000000001
368,8.150265
369,6.068689
370,5.840554
371,1.369216
372,1.417392
373,11.185625
374,6.5831610000000005
375,2.884359
376,6.918821
377,5.1543730000000005
378,7.495853
379,11.836827
380,4.470369
381,12.477872
382,5.3003029999999995
383,5.137903
384,8.543311
385,10.571434
386,10.19853
387,0.11813499999999999
388,2.151436
389,4.850968
390,9.409379
391,3.8000730000000003
392,10.181000000000001
393,2.4044659999999998
394,7.898202
395,6.693055
396,7.957389
397,11.110533
398,2.6283060000000003
399,15.228794
400,5.305311
401,9.378926
402,0.904409
403,3.402261
404,2.4697720000000003
405,3.842769
406,7.4171570000000004
407,11.781895
408,7.923639
409,15.109260999999998
410,9.665142
411,21.761179000000002
412,7.851669
413,7.598422
414,0.170979
415,7.446085000000001
416,14.039654999999998
417,8.175019
418,11.258125
419,14.379879
420,0.597058
421,11.43256
422,6.701138
423,10.92143
424,7.254242
425,1.1399489999999999
426,7.342410000000001
427,5.414213
428,0.8252200000000001
429,3.099222
430,16.94556
431,6.7377970000000005
432,12.994939
433,2.488424
434,9.958406
435,6.862146000000001
436,7.7457899999999995
437,9.266214
438,8.739991
439,6.924072
440,4.860265
441,12.904677000000001
442,10.200553
443,2.1177029999999997
444,6.473841999999999
445,6.165491
446,1.693701
447,8.226
448,14.404764000000002
449,12.173291
450,4.9801910000000005
451,5.950792
452,6.402939
453,1.69425
454,6.546551
455,0.656215
456,9.128571
457,8.590813
458,0.003013
459,6.344961
460,6.950458
461,1.899468
462,9.627676
463,14.374866
464,8.09806
465,2.4282790000000003
466,10.638289
467,11.673366
468,6.463883
469,12.260159
470,9.231318
471,0.079856
472,23.947351
473,8.560694
474,1.652275
475,4.037707
476,0.36809200000000003
477,2.471038
478,5.510288
479,6.679167999999999
480,8.450231
481,0.18271700000000002
482,1.9704810000000001
483,4.556123
484,3.531089
485,2.183504
486,5.481452
487,7.685548
488,1.8331849999999998
489,27.756026000000002
490,1.9245349999999999
491,8.888392999999999
492,5.80986
493,8.435294
494,9.116245
495,2.300459
496,10.323838
497,12.560941999999999
498,18.451321
499,0.91505
500,11.760218
501,7.872569
502,11.82081
503,8.35399
504,4.558992
505,10.460298
506,5.3584
507,10.510245
508,8.462363999999999
509,10.621362
510,9.312354
511,18.211092999999998
512,9.863789
513,11.096527
514,8.907074
515,6.6256070000000005
516,5.875605999999999
517,0.570021
518,11.853019999999999
519,294.337037
520,8.074218
521,8.142166
522,1.380258
523,7.412826
524,11.147039999999999
525,1.532894
526,6.780752000000001
527,8.34835
528,6.258666000000001
529,9.097953
530,6.053567
531,3.826281
532,6.316596
533,6.41742
534,9.034929
535,4.661689
536,11.221186
537,0.527297
538,13.249823999999998
539,14.788986999999999
540,4.3981699999999995
541,11.30428
542,6.8652
543,11.023042
544,29.423537
545,0.537378
546,0.906143
547,11.066473
548,5.732016000000001
549,10.182974
550,0.769595
551,9.142772
552,30.206365
553,10.939066
554,4.769347
555,9.298092
556,4.854436
557,0.23999299999999998
558,5.590678
559,7.528275999999999
560,10.246132000000001
561,1.282833
562,12.34835
563,11.134888
564,8.066726
565,0.6996680000000001
566,3.9395569999999998
567,4.73816
568,6.322435
569,10.159713
570,4.29831
571,17.656951
572,11.00913
573,9.554067
574,3.374229
575,10.754139
576,12.50303
577,8.899417999999999
578,8.665106
579,14.906621
580,1.033927
581,2.858879
582,6.785735000000001
583,9.351557000000001
584,15.339153
585,0.773954
586,8.792104
587,0.446454
588,0.75571
589,0.837849
590,5.017519999999999
591,0.218263
592,0.402368
593,7.903956
594,11.303239999999999
595,11.971318
596,1.985348
597,10.434018
598,5.320117
599,5.169999
600,13.542675
601,20.301019
602,7.607052
603,10.90061
604,12.069966
605,6.3893260000000005
606,5.113205000000001
607,10.475435000000001
608,1.373641
609,2.819298
610,5.121308999999999
611,7.075533999999999
612,16.727404999999997
613,10.737565
614,5.924226
615,8.522673
616,3.9366730000000003
617,0.31843699999999997
618,10.378902
619,14.658885
620,5.472430999999999
621,10.876463000000001
622,7.559297999999999
623,10.754997
624,9.434006
625,8.473369
626,14.319742999999999
627,4.379054
628,5.1278760000000005
629,7.873407
630,0.8974129999999999
631,12.646517999999999
632,4.127728
633,6.600650999999999
634,19.382082
635,8.3539
636,14.225919000000001
637,2.081712
638,7.667578999999999
639,1.023164
640,11.179864
641,5.716009
642,10.337994
643,7.830087
644,2.326115
645,7.8435619999999995
646,9.649312
647,5.768575
648,14.304205
649,5.682778
650,11.766244
651,10.673167
652,5.839893
653,2.805298
654,3.111281
655,8.623982
656,7.438934
657,6.5145919999999995
658,11.959887
659,8.378149
660,19.561767
661,20.214422
662,4.711231
663,14.511442
664,6.76513
665,1.0737430000000001
666,4.118698999999999
667,20.644776
668,4.250364
669,4.38806
670,8.387519000000001
671,4.471515
672,1.8229400000000002
673,7.510159
674,8.233168
675,13.890179999999999
676,5.024458999999999
677,13.570264000000002
678,3.643468
679,7.174869
680,5.490505000000001
681,15.049695000000002
682,11.109932
683,9.861672
684,13.003122
685,287.253654
686,7.441117
687,16.453573000000002
688,11.966566
689,4.352904
690,13.165420999999998
691,4.074783
692,5.370818
693,8.587129
694,13.524048
695,13.235179
696,1.280455
697,11.950477000000001
698,17.788579000000002
699,11.732546000000001
700,9.420931
701,7.409178999999999
702,15.021057999999998
703,18.344227
704,2.691433
705,11.057536
706,17.911314
707,2.017413
708,9.197511
709,14.753545
710,6.409512
711,14.331454
712,1.8938220000000001
713,13.876881
714,14.987901999999998
715,2.132964
716,6.3037849999999995
717,11.449373
718,1.408176
719,7.477944
720,7.3282419999999995
721,9.488593
722,7.137026
723,5.007836
724,4.08938
725,30.121291999999997
726,16.838145
727,4.912681
728,9.058516000000001
729,0.8256379999999999
730,8.18534
731,9.661817
732,5.032469
733,8.328596000000001
734,6.314697
735,26.024867999999998
736,12.337898
737,11.840985
738,1.194377
739,14.384554000000001
740,15.010525
741,6.617717
742,0.0005780000000000001
743,11.934045
744,10.794556
745,15.297120999999999
746,11.090264999999999
747,11.329733000000001
748,9.023686
749,4.725759
750,7.2576789999999995
751,6.734064999999999
752,9.915560000000001
753,0.358968
754,11.578578
755,10.505386999999999
756,2.340967
757,6.188664
758,7.210383
759,6.117335
760,9.604552
761,9.369527
762,7.844705
763,9.02255
764,26.114917000000002
765,2.132858
766,7.291872
767,6.159379
768,16.205105
769,6.15698
770,2.549325
771,10.223582
772,2.089842
773,5.063701
774,0.0012720000000000001
775,14.679860000000001
776,2.92387
777,9.566135000000001
778,15.884744
779,18.908782000000002
780,12.553657000000001
781,8.645067
782,4.654312
783,13.689855
784,4.582718
785,2.614785
786,2.296734
787,8.385361
788,2.329513
789,3.457153
790,6.587711
791,5.184012999999999
792,17.496832
793,10.890236
794,2.9474110000000002
795,14.141836999999999
796,24.515462
797,4.222195
798,5.159349
799,3.215954
800,16.747792999999998
801,8.585856
802,12.822085000000001
803,3.18614
804,11.179855
805,10.605851
806,11.535478
807,7.3510279999999995
808,4.433261
809,13.567726
810,18.311054000000002
811,9.874042999999999
812,5.50751
813,11.840557
814,3.94159
815,12.229381
816,11.119707
817,9.592265
818,1.522753
819,14.307672
820,2.678923
821,5.350658
822,6.5075970000000005
823,9.082538000000001
824,9.555852
825,8.555544
826,7.048957000000001
827,8.959821
828,3.7593010000000002
829,11.415316
830,0.892007
831,2.447359
832,8.032616
833,28.505340999999998
834,5.892859
835,10.778027999999999
836,0.9127299999999999
837,8.870325
838,29.36178
839,7.464981
840,5.296777
841,1.68625
842,4.581576999999999
843,0.727837
844,5.219666999999999
845,7.503125999999999
846,17.185349
847,16.01076
848,2.8188020000000003
849,1.8561009999999998
850,8.159556
851,9.424157000000001
852,2.936443
853,13.177741000000001
854,6.853782000000001
855,0.947509
856,1.199003
857,11.37237
858,17.328902
859,11.387338
860,5.532019999999999
861,4.197544000000001
862,12.01525
863,0.007294
864,2.2013700000000003
865,1.489895
866,5.91265
867,1.879162
868,1.404434
869,6.363884
870,15.672195
871,6.7371419999999995
872,6.065049
873,1.6899259999999998
874,6.752119
875,16.018525
876,7.926621000000001
877,3.043177
878,9.995617
879,8.207548
880,11.293560000000001
881,6.9146149999999995
882,17.285093
883,9.421301
884,14.31675
885,2.115609
886,6.970037
887,0.223633
888,10.680121
889,6.719949000000001
890,1.818561
891,1.698895
892,10.722672
893,2.564695
894,6.570917999999999
895,6.824871000000001
896,3.507084
897,14.21769
898,8.157587
899,5.7873339999999995
900,1.323587
901,11.112153
902,1.5688389999999999
903,12.577266
904,1.833948
905,13.473381
906,8.34322
907,20.58258
908,14.004074
909,6.133744999999999
910,6.770051
911,4.333616999999999
912,1.333969
913,11.829231
914,7.661239999999999
915,8.475983
916,7.916658
917,8.344282000000002
918,1.679042
919,0.739665
920,1.047417
921,5.3837660000000005
922,6.585405000000001
923,10.177977
924,7.2189570000000005
925,1.926826
926,7.392294000000001
927,7.473717999999999
928,11.606061
929,5.093586
930,9.841623
931,10.445141
932,0.091951
933,11.626116
934,10.958669
935,49.247505
936,6.816275999999999
937,0.569463
938,1.54105
939,5.875708
940,1.41344
941,5.052049
942,19.467404000000002
943,12.792394
944,6.080108
945,4.136356
946,4.386145
947,12.845044999999999
948,1.9541529999999998
949,11.924462
950,1.884204
951,5.996407
952,4.5570059999999994
953,0.985785
954,7.812646000000001
955,12.945544
956,5.138408999999999
957,5.416273
958,3.501564
959,10.246172999999999
960,11.492174
961,9.221178
962,19.083723000000003
963,9.262184
964,8.888717999999999
965,11.322173
966,9.304901
967,7.832484
968,5.254847
969,6.22229
970,14.75562
971,2.031919
972,14.901689999999999
973,12.421754
974,9.659244000000001
975,16.574021
976,8.16645
977,9.034884
978,5.010562999999999
979,9.471838
980,1.184009
981,8.967638
982,1.7958490000000003
983,4.987123
984,11.890138
985,13.963892000000001
986,0.23551799999999998
987,2.727017
988,10.841495
989,14.505987
990,4.15656
991,7.594022
992,2.165608
993,7.122093
994,9.763928
995,7.122938
996,4.664474
997,9.285519
998,23.508433
999,6.5049269999999995
1000,10.101183
1001,7.881010000000001
1002,8.253705
1003,10.448481
1004,5.185771
1005,10.766409
1006,8.884406
1007,0.717595
1008,0.007877
1009,8.122042
1010,11.338194
1011,17.310647
1012,9.385078
1013,11.03595
1014,5.914833
1015,6.093938
1016,0.882864
1017,12.589019
1018,9.644085
1019,12.727269
1020,6.703892
1021,1.081517
1022,12.287636000000001
1023,2.1624950000000003
1024,7.587797
1025,10.714172999999999
1026,5.819403
1027,14.958098000000001
1028,4.119518
1029,1.78367
1030,8.657364999999999
1031,5.550496
1032,7.636625
1033,7.66414
1034,5.889414
1035,6.990989999999999
1036,6.617708
1037,8.913793
1038,8.599342
1039,13.047775999999999
1040,3.751532
1041,6.475665
1042,7.81645
1043,18.932203
1044,0.6545489999999999
1045,3.462653
1046,14.260779000000001
1047,11.067992
1048,10.527141
1049,8.466725
1050,12.789812
1051,10.466306
1052,2.59282
1053,4.909738
1054,0.044048000000000004
1055,6.5900929999999995
1056,3.554939
1057,3.750365
1058,15.214342000000002
1059,13.311827
1060,12.189038
1061,11.076971
1062,7.356831
1063,0.584397
1064,18.13542
1065,7.489306
1066,12.16276
1067,7.594102
1068,8.254209
1069,0.6194810000000001
1070,4.919716
1071,6.496913
1072,8.461631
1073,6.874828
1074,8.786269
1075,7.631049000000001
1076,7.9747259999999995
1077,6.437916
1078,3.782547
1079,6.464826
1080,6.868022
1081,7.308161999999999
1082,13.183804
1083,6.266831
1084,4.643981
1085,0.273694
1086,0.676383
1087,0.19251300000000002
1088,7.915367999999999
1089,5.759423
1090,10.444048
1091,14.14078
1092,1.9628729999999999
1093,0.190879
1094,41.109264
1095,14.043416
1096,14.686035999999998
1097,5.13955
1098,2.1627810000000003
1099,8.898988000000001
1100,3.9698599999999997
1101,0.48139399999999993
1102,0.28820300000000004
1103,3.104943
1104,7.645827000000001
1105,8.969705000000001
1106,3.7015379999999998
1107,5.553737
1108,8.801032000000001
1109,15.297820999999999
1110,19.827545999999998
1111,1.943323
1112,7.936216
1113,11.214779
1114,8.853168
1115,10.250997
1116,9.781450999999999
1117,13.02535
1118,12.520688
1119,6.318445
1120,10.296047
1121,9.099731
1122,8.16339
1123,6.0404860000000005
1124,11.342024
1125,20.151037
1126,13.214068
1127,89.887648
1128,7.116536999999999
1129,10.421679
1130,11.600224
1131,7.68372
1132,9.117054
1133,9.615691
1134,6.5360059999999995
1135,3.408264
1136,6.8666339999999995
1137,2.969691
1138,6.760321
1139,14.214402999999999
1140,8.003815
1141,39.39497
1142,1.042432
1143,10.874079
1144,13.916101000000001
1145,5.599039
1146,6.829528
1147,6.398905
1148,7.781789999999999
1149,11.454835000000001
1150,7.906219999999999
1151,9.551293
1152,5.587707
1153,7.719173
1154,8.762536
1155,9.848674
1156,6.726389999999999
1157,1.6879009999999999
1158,6.261686
1159,10.338222
1160,9.796961999999999
1161,15.295948999999998
1162,4.249695
1163,5.101153
1164,1.418221
1165,6.34785
1166,7.404835
1167,14.605464000000001
1168,17.046052
1169,1.393391
1170,16.861532999999998
1171,5.289075
1172,13.371056
1173,9.596119
1174,4.6018669999999995
1175,11.069608
1176,6.341259
1177,9.309967
1178,10.796939
1179,0.6090800000000001
1180,12.372036
1181,11.548303
1182,11.038969999999999
1183,24.30526
1184,7.720692
1185,16.274653
1186,2.958988
1187,1.099467
1188,2.775402
1189,4.02059
1190,0.948775
1191,2.087446
1192,9.830382
1193,7.603652
1194,3.492576
1195,4.148276
1196,11.174041
1197,7.566321
1198,1.8455540000000001
1199,6.759519
1200,2.799356
1201,7.17548
1202,14.723645999999999
1203,1.459459
1204,7.879924000000001
1205,4.912294999999999
1206,10.124544
1207,5.257142
1208,9.327986
1209,14.044122
1210,14.014025
1211,6.9061449999999995
1212,4.558075
1213,9.069963000000001
1214,7.938629
1215,9.668784
1216,8.569996000000002
1217,10.273978999999999
1218,14.178281
1219,4.896196
1220,4.800426
1221,7.9420839999999995
1222,5.634675
1223,13.693001999999998
1224,8.129407
1225,23.247298
1226,5.843804
1227,6.062425
1228,4.250819
1229,6.612175
1230,12.533525
1231,12.706424
1232,11.519662
1233,0.618434
1234,5.764399
1235,11.476443
1236,15.280219
1237,8.810961
1238,8.046375
1239,6.4666879999999995
1240,5.760319
1241,0.704637
1242,11.613655
1243,4.920175
1244,18.50194
1245,13.217421
1246,5.39865
1247,8.364201
1248,8.504511
1249,9.997032
1250,12.490891
1251,3.531682
1252,5.795045
1253,9.518564
1254,1.3234219999999999
1255,1.7649810000000001
1256,1.62344
1257,17.714247
1258,1.7141520000000001
1259,3.9688529999999997
1260,4.948569
1261,5.5968599999999995
1262,9.617662
1263,1.155075
1264,3.4949
1265,11.328316000000001
1266,3.5243269999999995
1267,10.264597
1268,9.107828999999999
1269,6.426937000000001
1270,6.165341000000001
1271,14.670353
1272,1.62632
1273,15.11549
1274,6.236729
1275,7.492912
1276,4.788002
1277,4.918419
1278,0.941321
1279,5.587765
1280,1.896218
1281,2.914029
1282,8.832907
1283,5.757907
1284,2.999052
1285,4.126083
1286,14.383185000000001
1287,9.737907
1288,11.118844000000001
1289,11.644764
1290,7.390658
1291,4.079853
1292,11.842837
1293,6.922458
1294,7.001645
1295,4.233080999999999
1296,16.603041
1297,6.000716000000001
1298,1.0607090000000001
1299,10.754614
1300,2.099788
1301,10.430238000000001
1302,11.823889
1303,4.393576
1304,8.168694
1305,12.874084
1306,7.263988
1307,7.637345
1308,2.69722
1309,13.546984
1310,154.80100900000002
1311,1.954863
1312,6.9978880000000006
1313,17.955897
1314,19.628834
1315,15.909181
1316,8.405672000000001
1317,9.094477000000001
1318,0.817488
1319,6.963023
1320,12.130803
1321,20.547925
1322,18.860681
1323,6.198003
1324,1.9350060000000002
1325,0.689004
1326,12.515435
1327,9.394353
1328,6.196929
1329,0.284911
1330,1.2334049999999999
1331,1.194891
1332,5.4512730000000005
1333,4.351756
1334,0.037986
1335,7.888013000000001
1336,0.292296
1337,12.140407000000002
1338,4.928139
1339,12.01334
1340,1.8222459999999998
1341,13.955376000000001
1342,9.524298
1343,4.7496220000000005
1344,14.054862
1345,0.53204
1346,10.855502
1347,6.4288300000000005
1348,11.341084
1349,5.2534529999999995
1350,13.413895000000002
1351,2.86317
1352,10.307277000000001
1353,5.304043
1354,7.575696000000001
1355,37.484577
1356,7.680762
1357,3.985181
1358,2.067929
1359,6.481464
1360,9.003792
1361,3.985291
1362,12.912844999999999
1363,6.332878
1364,0.708186
1365,8.075698
1366,4.281631
1367,9.056173
1368,6.486117
1369,0.651625
1370,7.030308
1371,6.62363
1372,5.884228
1373,4.8916379999999995
1374,7.759428999999999
1375,5.307983999999999
1376,14.753931
1377,9.732026
1378,7.387171
1379,4.926507
1380,10.083019
1381,0.867549
1382,11.845107
1383,7.271526
1384,7.240753
1385,5.762343
1386,5.484379
1387,7.991167999999999
1388,10.996308
1389,0.24088800000000002
1390,9.198283
1391,10.163266
1392,12.507625
1393,13.697597
1394,7.579855
1395,22.296076
1396,7.400261
1397,11.526339
1398,10.618141
1399,12.202063
1400,16.075615
1401,16.83711
1402,9.510762
1403,8.445423
1404,4.631978
1405,0.129004
1406,8.047735000000001
1407,0.796854
1408,11.898185
1409,4.890067
1410,2.978534
1411,14.017754
1412,8.611077
1413,14.421528
1414,2.616309
1415,14.840318
1416,8.98296
1417,4.337214
1418,12.637158
1419,8.173864
1420,0.7128439999999999
1421,1.017103
1422,4.241058
1423,13.332386999999999
1424,6.562982000000001
1425,5.385862
1426,13.284711999999999
1427,7.420019
1428,11.746053
1429,8.259952
1430,6.212898
1431,6.361343
1432,13.336773
1433,8.450799
1434,5.841931
1435,0.38671700000000003
1436,9.615664
1437,1.123409
1438,5.483162999999999
1439,6.7001729999999995
1440,12.638573
1441,6.345885
1442,6.488277
1443,12.928711999999999
1444,9.110348
1445,7.089084
1446,7.696839999999999
1447,2.8216080000000003
1448,0.619657
1449,7.007992999999999
1450,5.695003
1451,8.905732
1452,10.77166
1453,11.299673
1454,0.66989
1455,9.530278
1456,2.62835
1457,2.4616700000000002
1458,3.191386
1459,2.8733560000000002
1460,6.097683999999999
1461,9.86738
1462,4.619915
1463,8.172013
1464,9.62025
1465,1.792402
1466,8.803869
1467,10.337211
1468,11.736241
1469,3.424057
1470,13.293569
1471,1.760091
1472,6.714577
1473,5.990572
1474,23.242452
1475,7.404329
1476,8.816951
1477,8.025117999999999
1478,9.785895
1479,12.763976
1480,2.690008
1481,11.709777
1482,13.065315
1483,7.4185740000000004
1484,12.21459
1485,16.373622
1486,5.493697
1487,13.72021
1488,1.014961
1489,0.31843699999999997
1490,2.903563
1491,33.536359000000004
1492,2.942711
1493,8.88057
1494,5.701278
1495,10.893224
1496,3.733574
1497,6.7537460000000005
1498,10.510468
1499,0.948759
1500,7.814255
1501,11.211568
1502,7.521346
1503,12.159818
1504,0.0008439999999999999
1505,6.948810000000001
1506,7.954623
1507,0.950658
1508,5.378833
1509,2.899809
1510,8.844452
1511,10.97633
1512,21.946943
1513,15.553313000000001
1514,6.370105000000001
1515,17.602928
1516,19.083823000000002
1517,8.338562
1518,11.846960000000001
1519,0.07588500000000001
1520,9.609879
1521,9.442756
1522,10.747641999999999
1523,0.780748
1524,9.746725
1525,21.14796
1526,8.152085000000001
1527,8.371005
1528,3.3924
1529,4.7262379999999995
1530,1.650666
1531,7.176601
1532,9.244469
1533,11.239011999999999
1534,2.238458
1535,0.739681
1536,3.334942
1537,8.093442
1538,5.769957
1539,9.336568
1540,3.0337970000000003
1541,7.87202
1542,0.20158199999999998
1543,5.099557
1544,9.904821
1545,5.966121
1546,10.038613
1547,6.231928
1548,11.605735000000001
1549,0.48252700000000004
1550,1.216497
1551,12.256689
1552,0.779768
1553,8.040589
1554,4.548774
1555,1.567626
1556,7.481125
1557,6.904831
1558,8.940007000000001
1559,12.388833
1560,11.275132000000001
1561,8.471302
1562,7.791952
1563,7.0740419999999995
1564,12.457908
1565,7.4926580000000005
1566,13.143061
1567,0.535931
1568,11.276024000000001
1569,3.062626
1570,8.948564999999999
1571,12.994387
1572,6.4173849999999995
1573,4.23908
1574,2.333661
1575,2.6050169999999997
1576,4.668541
1577,11.609441
1578,2.301183
1579,17.26045
1580,7.309903
1581,6.636872
1582,0.524432
1583,1.466461
1584,6.484495
1585,7.196689999999999
1586,11.127884
1587,14.238234
1588,8.032638
1589,8.155603999999999
1590,6.5497879999999995
1591,5.0860129999999995
1592,5.418428
1593,8.731330999999999
1594,6.8410899999999994
1595,6.140116
1596,6.851242999999999
1597,6.638116
1598,9.101896
1599,1.456541
1600,0.570293
1601,6.496271
1602,16.316318
1603,0.5756560000000001
1604,13.591485
1605,3.372304
1606,7.217205
1607,12.293202
1608,13.256679
1609,17.126768
1610,7.601439
1611,3.550711
1612,11.604533
1613,8.307210000000001
1614,9.930325999999999
1615,10.187278
1616,11.589835
1617,6.303383999999999
1618,10.107677
1619,0.17924600000000002
1620,10.536255
1621,15.178338
1622,1.2334459999999998
1623,0.218588
1624,4.071187
1625,14.048694
1626,13.530029999999998
1627,4.494016
1628,2.738
1629,6.694959
1630,0.26912600000000003
1631,39.186819
1632,9.895652
1633,1.412333
1634,7.554848
1635,11.789813
1636,4.655727
1637,4.1132599999999995
1638,6.851628
1639,8.271179
1640,5.772293
1641,4.342418
1642,7.522655
1643,17.159576
1644,41.225769
1645,7.666558
1646,4.13905
1647,17.136672
1648,15.388875
1649,0.321515
1650,7.738924000000001
1651,12.063080000000001
1652,9.206356
1653,1.5647739999999999
1654,9.502332000000001
1655,1.322781
1656,13.966833
1657,4.19356
1658,9.543004
1659,1.7739630000000002
1660,1.057387
1661,12.410427
1662,5.355452
1663,1.345165
1664,10.932786
1665,8.781588000000001
1666,19.905716
1667,11.720358000000001
1668,8.513889
1669,9.47666
1670,8.367858
1671,11.11946
1672,12.860385
1673,7.676017
1674,123.167259
1675,5.715737
1676,9.059459
1677,1.075939
1678,8.383246
1679,10.990614
1680,14.838385999999998
1681,7.523517
1682,3.859495
1683,7.715908
1684,0.000308
1685,0.334881
1686,11.131917
1687,6.09018
1688,1.437622
1689,12.929653
1690,0.326486
1691,10.001517
1692,12.61469
1693,0.69162
1694,5.147819
1695,1.6687939999999999
1696,228.032744
1697,6.5864009999999995
1698,5.8603190000000005
1699,10.563152
1700,18.006895999999998
1701,9.968395
1702,1.7846819999999999
1703,2.0833180000000002
1704,0.7496649999999999
1705,10.174298
1706,1.2106270000000001
1707,10.847383
1708,4.444724
1709,5.458387
1710,9.875573
1711,7.390012
1712,6.107378
1713,6.572049000000001
1714,11.485472999999999
1715,1.629796
1716,146.161786
1717,5.435993
1718,10.246549
1719,2.906503
1720,3.7790769999999996
1721,5.773276999999999
1722,5.310558
1723,9.832342
1724,17.246484
1725,9.590695
1726,7.2880460000000005
1727,6.892056
1728,11.23915
1729,6.452069
1730,1.8911380000000002
1731,10.067238
1732,0.5620970000000001
1733,1.250293
1734,6.710597999999999
1735,13.043999000000001
1736,8.863776
1737,5.957998
1738,2.812182
1739,9.64078
1740,6.456233
1741,5.6696599999999995
1742,1.158196
1743,9.128905
1744,7.198455
1745,17.887943
1746,19.293561999999998
1747,1.5000129999999998
1748,9.202416
1749,2.033354
1750,4.2066550000000005
1751,2.709403
1752,9.482248
1753,12.508517999999999
1754,1.8128990000000003
1755,2.466066
1756,0.964715
1757,1.528202
1758,0.044561
1759,3.3672760000000004
1760,14.89499
1761,0.140491
1762,27.275686999999998
1763,13.233262
1764,8.168455999999999
1765,8.851646
1766,4.290624
1767,0.371679
1768,2.345336
1769,7.108555
1770,11.443544000000001
1771,11.002046
1772,1.223071
1773,17.015539
1774,10.752519
1775,7.790139999999999
1776,14.970485
1777,0.170074
1778,2.850011
1779,6.966505000000001
1780,12.989627
1781,12.158424
1782,6.971611
1783,11.186981
1784,54.581996999999994
1785,10.3919
1786,0.626528
1787,1.53188
1788,4.782755
1789,23.37742
1790,11.591462
1791,5.830675
1792,8.651053
1793,5.5529459999999995
1794,7.970312
1795,4.480723
1796,8.717661
1797,13.776067999999999
1798,9.188583
1799,6.370495
1800,14.38601
1801,0.0018800000000000002
1802,0.556435
1803,10.596719
1804,0.40475300000000003
1805,8.070589
1806,10.274376
1807,5.113573000000001
1808,7.274236999999999
1809,1.5120129999999998
1810,11.72545
1811,5.337351
1812,20.818907
1813,11.106753999999999
1814,5.917685
1815,0.677253
1816,8.338222
1817,6.328119
1818,1.188935
1819,14.072510999999999
1820,0.5180779999999999
1821,2.317528
1822,0.5258689999999999
1823,5.681582
1824,8.708789
1825,2.8243669999999996
1826,5.7990699999999995
1827,4.619068
1828,0.41819700000000004
1829,9.645800999999999
1830,6.653254
1831,8.919469
1832,0.8774770000000001
1833,12.74564
1834,3.6318629999999996
1835,1.298224
1836,8.733191999999999
1837,7.0946240000000005
1838,11.552956
1839,13.678120000000002
1840,1.655202
1841,12.204174
1842,9.747452000000001
1843,9.987072
1844,1.9079380000000001
1845,1.494688
1846,6.939994
1847,3.92107
1848,0.5404359999999999
1849,12.494394
1850,1.937874
1851,6.741159
1852,12.243528
1853,3.9282779999999997
1854,11.266569
1855,9.51953
1856,6.493474
1857,21.259
1858,4.67525
1859,4.331811
1860,8.960713
1861,2.12989
1862,18.717704
1863,9.35239
1864,13.505066000000001
1865,7.65458
1866,14.9837
1867,33.704935
1868,7.4448479999999995
1869,25.629929999999998
1870,7.873017999999999
1871,2.404818
1872,16.414239000000002
1873,6.8151470000000005
1874,14.164519
1875,0.229233
1876,13.666488000000001
1877,3.0078419999999997
1878,11.313659
1879,3.8516529999999998
1880,16.478036
1881,0.867943
1882,6.1756269999999995
1883,5.2799190000000005
1884,7.857666
1885,5.799628
1886,6.715019
1887,11.440947999999999
1888,4.955317
1889,2.01799
1890,11.069678999999999
1891,0.217441
1892,0.8897450000000001
1893,9.288013000000001
1894,5.738871
1895,2.0364400000000002
1896,8.407369000000001
1897,8.33756
1898,7.523097999999999
1899,2.1157529999999998
1900,2.06066
1901,13.993770000000001
1902,0.100465
1903,11.35779
1904,0.702712
1905,9.296024000000001
1906,6.073468
1907,7.597475
1908,6.744680000000001
1909,12.840798
1910,6.1220669999999995
1911,11.481378999999999
1912,0.077653
1913,7.131568
1914,4.136105000000001
1915,5.374562999999999
1916,2.156134
1917,16.415498
1918,0.286719
1919,3.267026
1920,4.010441
1921,9.363482000000001
1922,8.898522999999999
1923,8.591238
1924,1.2187629999999998
1925,9.170332
1926,0.009961
1927,9.765122999999999
1928,4.330396
1929,11.872997
1930,8.808328
1931,13.268483999999999
1932,3.743212
1933,5.426921
1934,9.156877
1935,6.053595
1936,10.395472
1937,13.162168
1938,5.402262
1939,12.392754
1940,6.241185
1941,5.1883989999999995
1942,7.834161
1943,2.3923669999999997
1944,7.156060000000001
1945,7.798615
1946,4.1732309999999995
1947,8.471414999999999
1948,1.8622150000000002
1949,1.479018
1950,8.966128999999999
1951,10.08043
1952,8.164311999999999
1953,1.6557939999999998
1954,9.3806
1955,4.322544000000001
1956,12.330249
1957,1.121417
1958,14.007329
1959,0.7376020000000001
1960,1.946823
1961,9.526781
1962,2.065029
1963,5.244654
1964,8.318954
1965,0.35233000000000003
1966,15.236541
1967,9.609726
1968,9.508061
1969,8.338675
1970,7.745083
1971,6.911759
1972,0.941383
1973,3.9182870000000003
1974,7.9450389999999995
1975,4.806374
1976,0.74156
1977,10.385757
1978,1.192891
1979,9.800232000000001
1980,6.004257
1981,5.872794
1982,3.199976
1983,10.301621
1984,1.881932
1985,9.756289
1986,2.214179
1987,11.690781
1988,5.584308
1989,5.611184
1990,2.004745
1991,6.199806
1992,3.7428239999999997
1993,0.372987
1994,6.0955
1995,11.845918
1996,13.257467000000002
1997,18.022579
1998,4.347079
1999,13.469862
2000,12.851984
2001,0.43491
2002,8.500628
2003,10.414363
2004,13.495247
2005,5.228837
2006,2.1486549999999998
2007,12.140733
2008,2.886254
2009,1.592152
2010,0.19153900000000001
2011,0.011574
2012,12.308007
2013,10.869056
2014,0.444226
2015,16.382422000000002
2016,6.715263
2017,51.645403
2018,7.06378
2019,53.291601
2020,7.102075999999999
2021,5.993691
2022,18.577504
2023,10.528172999999999
2024,5.3255300000000005
2025,10.044642
2026,6.7046589999999995
2027,7.314536
2028,0.815203
2029,8.868558
2030,14.310479
2031,8.699428
2032,0.632261
2033,1.914697
2034,7.655603
2035,5.575991999999999
2036,19.761164
2037,18.761467
2038,0.48542399999999997
2039,11.672701
2040,4.439325
2041,9.04083
2042,5.121894
2043,0.452934
2044,12.357072
2045,19.201504
2046,11.34706
2047,0.662665
2048,6.1676459999999995
2049,6.634939
2050,11.911173
2051,11.457298
2052,1.6561150000000002
2053,5.361771
2054,1.217192
2055,5.110716
2056,8.435642
2057,11.100597
2058,4.607583
2059,10.640864
2060,10.850442
2061,7.85217
2062,9.738371
2063,20.40426
2064,4.84886
2065,6.636514
2066,14.526048999999999
2067,5.958138
2068,8.695893
2069,2.894009
2070,6.1195900000000005
2071,7.851263
2072,10.653446
2073,7.046825
2074,6.506572
2075,0.594488
2076,7.202832000000001
2077,0.14603
2078,1.228145
2079,7.290872
2080,0.245606
2081,8.843364999999999
2082,5.304376
2083,2.1866830000000004
2084,1.95315
2085,5.648114
2086,2.481504
2087,9.117934
2088,8.698042999999998
2089,3.803268
2090,12.280827
2091,1.1458059999999999
2092,5.446745
2093,0.960569
2094,8.920544999999999
2095,2.711041
2096,0.075409
2097,1.068288
2098,47.326665000000006
2099,5.648187
2100,12.146747
2101,8.995603
2102,2.003832
2103,25.869882999999998
2104,11.247957000000001
2105,3.508075
2106,5.284805
2107,7.9704619999999995
2108,4.5186459999999995
2109,16.158179999999998
2110,8.591834
2111,1.036233
2112,12.130127
2113,5.997712
2114,6.842274000000001
2115,6.7773259999999995
2116,6.919314
2117,6.499680000000001
2118,0.158651
2119,14.074906
2120,1.026053
2121,11.110375999999999
2122,10.978188000000001
2123,4.248105000000001
2124,6.589303999999999
2125,12.237571
2126,11.268531
2127,185.33099199999998
2128,8.142251
2129,11.370288
2130,1.051148
2131,14.27281
2132,10.956665
2133,13.765241
2134,5.510805
2135,12.643312
2136,27.88772
2137,5.612379
2138,6.036408
2139,12.843375
2140,8.581558
2141,3.451518
2142,19.511221
2143,10.650752
2144,5.874458
2145,1.797462
2146,9.631158000000001
2147,2.643111
2148,11.504558
2149,8.761268
2150,7.622875
2151,0.414793
2152,7.436000999999999
2153,4.468247
2154,1.021641
2155,0.8782549999999999
2156,9.071127
2157,7.694847
2158,15.206957000000001
2159,6.936677
2160,6.262677
2161,10.03628
2162,11.333125
2163,7.817811
2164,6.854576
2165,12.975936
2166,14.443361999999999
2167,15.874491
2168,25.085639
2169,6.969947
2170,9.072006
2171,11.223033000000001
2172,0.46335
2173,12.596956
2174,4.709454
2175,1.342194
2176,7.106953999999999
2177,5.94395
2178,6.631355999999999
2179,6.372278
2180,9.807552000000001
2181,12.602438000000001
2182,7.10005
2183,14.116473999999998
2184,5.141952
2185,10.098539
2186,11.618792
2187,2.789574
2188,7.807741
2189,3.6210519999999997
2190,0.31303200000000003
2191,5.076649
2192,6.273130999999999
2193,8.970494
2194,8.278525
2195,11.953822
2196,0.8762969999999999
2197,7.757913
2198,4.412564
2199,0.5246529999999999
2200,6.916200999999999
2201,15.001681
2202,5.799861
2203,12.687521
2204,4.857726
2205,10.829432
2206,9.785147
2207,2.651408
2208,12.954444
2209,7.007739
2210,31.363664
2211,7.696022999999999
2212,6.127903
2213,8.772263
2214,10.000914999999999
2215,7.050403
2216,7.824961999999999
2217,10.428421
2218,9.389353999999999
2219,11.643025999999999
2220,6.070216
2221,5.633243
2222,3.3343529999999997
2223,7.729445
2224,7.0649820000000005
2225,3.9007089999999995
2226,6.857317999999999
2227,0.9177770000000001
2228,1.498902
2229,11.283472
2230,0.779829
2231,0.23053400000000002
2232,13.389735
2233,3.030309
2234,14.313079
2235,1.818296
2236,16.243093
2237,11.331859
2238,0.045860000000000005
2239,1.914881
2240,5.326716
2241,12.805294
2242,13.300519
2243,9.649303
2244,9.801967
2245,9.020372
2246,13.083718
2247,8.067119
2248,7.120403
2249,7.781292999999999
2250,8.735448
2251,4.0609660000000005
2252,2.402032
2253,13.088552
2254,3.5272120000000005
2255,7.250134
2256,1.3370959999999998
2257,1.4841090000000001
2258,6.01272
2259,8.184814999999999
2260,5.923904
2261,2.894924
2262,2.326119
2263,12.136158
2264,3.316857
2265,5.952494000000001
2266,0.370114
2267,9.963078999999999
2268,2.844534
2269,5.970067
2270,10.25103
2271,8.212399000000001
2272,5.69684
2273,6.115298999999999
2274,6.230854
2275,15.037993
2276,11.119593
2277,10.287127
2278,7.3211520000000005
2279,8.903754
2280,6.063809
2281,5.498819
2282,6.422711
2283,11.461437
2284,4.40284
2285,9.409701
2286,8.374039999999999
2287,7.762917
2288,1.377993
2289,2.981184
2290,3.612089
2291,16.195894
2292,2.890462
2293,0.43602799999999997
2294,88.439243
2295,0.11460899999999999
2296,0.038876
2297,8.684892
2298,8.326699000000001
2299,4.472892
2300,13.155901
2301,2.514638
2302,1.2389709999999998
2303,0.002229
2304,15.698432999999998
2305,10.639244
2306,6.90658
2307,6.518028
2308,3.1320189999999997
2309,8.319631
2310,17.112594
2311,5.662109
2312,10.901355
2313,4.453296
2314,7.421245
2315,8.534039
2316,6.1492949999999995
2317,11.666172
2318,11.184385
2319,8.407519
2320,7.081403999999999
2321,2.582818
2322,12.90707
2323,4.5035050000000005
2324,2.76145
2325,6.303466
2326,9.645543
2327,187.860492
2328,10.627364
2329,8.279285
2330,1.077252
2331,7.859837
2332,12.203066
2333,7.032964
2334,10.359669
2335,8.406056
2336,5.1847010000000004
2337,7.190986
2338,4.737529
2339,63.869599
2340,2.3950669999999996
2341,12.09096
2342,6.0814010000000005
2343,1.6402709999999998
2344,1.553107
2345,5.460942
2346,4.691574
2347,10.770928
2348,16.816834
2349,2.787833
2350,12.137595
2351,7.06088
2352,15.802306
2353,6.657792
2354,12.237488
2355,3.223039
2356,18.157166
2357,9.782014
2358,18.538834
2359,2.255032
2360,0.765825
2361,6.9975830000000006
2362,6.5574259999999995
2363,2.976672
2364,6.2872449999999995
2365,9.092925
2366,9.046750999999999
2367,9.961184
2368,5.439941999999999
2369,9.503762
2370,7.739633
2371,7.739903999999999
2372,0.9757020000000001
2373,8.142089
2374,11.213913
2375,12.525758
2376,7.667874
2377,1.9700540000000002
2378,7.857078
2379,1.2968620000000002
2380,5.9852360000000004
2381,10.936827000000001
2382,5.019486
2383,5.000657
2384,4.471645
2385,0.40773200000000004
2386,10.134408
2387,8.283863
2388,12.980624
2389,6.793972
2390,6.228255
2391,0.494047
2392,10.517835
2393,4.281103
2394,4.556825
2395,9.576744999999999
2396,5.752416
2397,15.904834
2398,8.772188
2399,6.108646
2400,1.13376
2401,9.916094000000001
2402,6.710215
2403,10.776138000000001
2404,5.507082
2405,13.081203
2406,5.465669999999999
2407,14.171675
2408,1.132307
2409,5.857368
2410,7.177649000000001
2411,6.312206
2412,11.970205
2413,5.6277870000000005
2414,0.40319
2415,5.916187
2416,10.597116
2417,11.898793
2418,12.416635000000001
2419,13.492845
2420,6.709803
2421,7.9599649999999995
2422,8.260823
2423,3.6597449999999996
2424,0.493342
2425,7.493614999999999
2426,5.952392
2427,0.021580000000000002
2428,1.109111
2429,8.685761
2430,5.951492
2431,2.972529
2432,14.767317000000002
2433,3.8982360000000003
2434,8.963037
2435,3.967229
2436,3.7826150000000003
2437,3.6995519999999997
2438,18.911960999999998
2439,9.57874
2440,5.852263
2441,11.15092
2442,4.947043
2443,8.176147
2444,34.047399
2445,2.5555849999999998
2446,15.133316
2447,4.31583
2448,11.791591
2449,12.149946
2450,13.349518
2451,11.046411
2452,5.713973999999999
2453,6.695228999999999
2454,7.665431
2455,0.393865
2456,19.638605
2457,2.308846
2458,8.452485000000001
2459,9.449103
2460,11.913405000000001
2461,11.556484
2462,0.653271
2463,12.682927000000001
2464,4.778045
2465,11.654349
2466,8.132811
2467,8.451297
2468,7.471655
2469,6.497591000000001
2470,10.175502999999999
2471,3.0844259999999997
2472,7.058599000000001
2473,12.319595
2474,8.398158
2475,1.832762
2476,22.201607
2477,8.205447999999999
2478,3.4442660000000003
2479,6.253083999999999
2480,9.353499000000001
2481,7.950488000000001
2482,9.591425
2483,13.802674
2484,6.114898
2485,3.6066879999999997
2486,14.924487
2487,7.134167999999999
2488,6.360746
2489,11.063029
2490,28.176992
2491,7.506958
2492,0.5888720000000001
2493,1.4724629999999999
2494,5.85469
2495,0.31754
2496,6.357321
2497,11.19785
2498,12.201953999999999
2499,0.8842409999999999
2500,12.199047
2501,5.282976000000001
2502,3.724207
2503,14.56965
2504,11.457485
2505,5.072902
2506,1.218959
2507,6.82647
2508,7.659357000000001
2509,12.452985
2510,6.712894
2511,0.474578
2512,10.854598
2513,13.018491000000001
2514,7.536295
2515,17.618057
2516,8.151346
2517,17.958512
2518,9.671944
2519,13.116461
2520,0.8209110000000001
2521,5.810716
2522,5.443097
2523,13.520764000000002
2524,3.5544910000000005
2525,1.824275
2526,10.642824000000001
2527,6.435926
2528,6.430591000000001
2529,3.189566
2530,3.240624
2531,13.842332999999998
2532,6.2594330000000005
2533,23.253089000000003
2534,0.860734
2535,6.3539959999999995
2536,10.364794
2537,5.47591
2538,31.314013
2539,4.0315
2540,5.256959999999999
2541,5.194433
2542,11.418802000000001
2543,5.899155
2544,2.793619
2545,14.327717000000002
2546,14.547939000000001
2547,6.197298
2548,11.379355
2549,10.226181
2550,7.1039509999999995
2551,7.92736
2552,6.418936
2553,11.054250999999999
2554,1.386549
2555,4.72304
2556,0.884526
2557,1e-06
2558,12.449574
2559,18.502876999999998
2560,7.42908
2561,1.685918
2562,6.7539690000000006
2563,14.477676999999998
2564,2.37252
2565,7.219935
2566,13.06943
2567,5.598338
2568,1.812728
2569,5.577636
2570,11.516964999999999
2571,14.275360000000001
2572,5.7396
2573,4.209701
2574,6.4861260000000005
2575,6.632663000000001
2576,4.2976540000000005
2577,2.627643
2578,0.209191
2579,7.248676
2580,9.704289
2581,6.6407039999999995
2582,13.310556
2583,2.939129
2584,7.538821
2585,8.480501
2586,5.24456
2587,6.8728880000000006
2588,5.025475
2589,4.60786
2590,6.71898
2591,2.203671
2592,8.355977000000001
2593,5.571253
2594,3.372523
2595,3.485214
2596,6.498789
2597,1.094395
2598,8.736869
2599,1.196669
2600,12.978750999999999
2601,8.569586
2602,7.137117
2603,3.581434
2604,15.57784
2605,2.3213939999999997
2606,2.7745889999999997
2607,7.634017
2608,2.06528
2609,5.387711
2610,9.00314
2611,3.4478940000000002
2612,16.759454
2613,14.443598999999999
2614,4.512767
2615,9.769047
2616,5.94179
2617,6.573364
2618,13.194168
2619,12.989056
2620,10.222142999999999
2621,4.257516000000001
2622,5.984133
2623,5.330725
2624,15.262706
2625,36.894806
2626,3.534068
2627,11.953553
2628,10.07817
2629,9.990406
2630,14.657754
2631,7.948581
2632,13.494245999999999
2633,8.534175999999999
2634,8.502529
2635,0.703225
2636,1.9429450000000001
2637,13.795875
2638,0.9204690000000001
2639,10.901496
2640,7.5130669999999995
2641,7.355355
2642,1.7841330000000002
2643,6.540621
2644,7.558125
2645,14.412644
2646,0.504
2647,1.4892940000000001
2648,14.258429999999999
2649,12.366641
2650,6.229674
2651,9.218164
2652,3.918878
2653,9.241748
2654,6.476534
2655,6.411782
2656,3.4662040000000003
2657,10.027434
2658,3.9606220000000003
2659,2.995682
2660,6.830599
2661,7.914795
2662,7.359522
2663,0.071908
2664,17.02038
2665,10.479723
2666,7.427491000000001
2667,11.204539
2668,12.061521
2669,11.494907000000001
2670,13.280069000000001
2671,4.186599
2672,3.998475
2673,7.694502000000001
2674,5.001997
2675,6.561373
2676,11.298195
2677,3.478962
2678,11.063822
2679,2.7832049999999997
2680,13.121626000000001
2681,0.44552600000000003
2682,3.595599
2683,3.044499
2684,8.365761000000001
2685,10.480229
2686,6.8234449999999995
2687,0.158207
2688,8.066663
2689,8.434884
2690,11.218378
2691,7.000421
2692,9.418339999999999
2693,10.175138
2694,5.3291949999999995
2695,6.769866
2696,5.192042
2697,8.679349
2698,2.921405
2699,3.138159
2700,2.876656
2701,8.437586999999999
2702,1.701134
2703,5.364459
2704,6.396767
2705,0.863547
2706,6.100498
2707,5.502098
2708,2.828884
2709,7.1601490000000005
2710,9.488116999999999
2711,1.6971180000000001
2712,1.542355
2713,9.356587
2714,8.997507
2715,3.8912430000000002
2716,8.889064
2717,1.1608319999999999
2718,5.409557
2719,10.199449000000001
2720,11.51021
2721,10.357224
2722,0.377787
2723,12.428269
2724,3.406836
2725,13.634766
2726,5.682405999999999
2727,5.037224
2728,15.014569
2729,1.269717
2730,13.392824
2731,7.436758
2732,12.446738
2733,0.399156
2734,4.182641
2735,10.24382
2736,3.6020309999999998
2737,8.075503999999999
2738,24.926576999999998
2739,10.901602
2740,22.220214000000002
2741,13.809622000000001
2742,9.239882000000001
2743,8.636632
2744,10.738888000000001
2745,11.698089
2746,3.5538870000000005
2747,12.725342999999999
2748,6.493744
2749,11.624866
2750,15.5975
2751,10.616859
2752,19.256859
2753,15.170192000000002
2754,8.783453999999999
2755,7.789039999999999
2756,4.985157
2757,14.686487
2758,7.5634440000000005
2759,0.5784560000000001
2760,0.08472
2761,2.977779
2762,0.663231
2763,3.9984940000000004
2764,4.2609449999999995
2765,0.195677
2766,14.177005
2767,8.9256
2768,16.626655
2769,0.466236
2770,13.751992000000001
2771,37.37942
2772,5.526865
2773,17.608346
2774,9.019114
2775,15.899134
2776,8.359985
2777,14.810519000000001
2778,8.079541
2779,7.349842999999999
2780,5.9188160000000005
2781,5.23158
2782,0.137676
2783,7.349811999999999
2784,8.867562
2785,8.800455
2786,0.625099
2787,7.759376
2788,14.39853
2789,2.520484
2790,10.896238
2791,7.196688000000001
2792,3.8568269999999996
2793,7.455875
2794,42.061481
2795,8.592449
2796,1.551648
2797,2.156145
2798,5.317544
2799,6.941735
2800,9.819864
2801,10.113628
2802,0.781841
2803,29.741452000000002
2804,3.148745
2805,9.972591
2806,11.521011
2807,8.061423
2808,3.003526
2809,12.724644999999999
2810,8.910461999999999
2811,5.723103
2812,8.719145
2813,6.313465
2814,7.956860000000001
2815,2.262915
2816,9.218002
2817,9.203416
2818,5.024661
2819,13.58903
2820,5.976385
2821,0.45621000000000006
2822,8.710824
2823,7.423812
2824,4.435032
2825,5.831622
2826,10.151366000000001
2827,4.877872
2828,3.576604
2829,4.683689
2830,6.6037479999999995
2831,7.031279
2832,1.9751740000000002
2833,7.904371
2834,11.465634
2835,8.524847
2836,8.204894
2837,1.830829
2838,6.626077
2839,36.26051
2840,11.348096
2841,12.330898
2842,6.938921000000001
2843,3.8674720000000002
2844,14.336186999999999
2845,1.381022
2846,3.0631630000000003
2847,12.949715
2848,7.08055
2849,6.447072
2850,2.587727
2851,12.796484
2852,9.802889
2853,8.817924
2854,3.3135239999999997
2855,4.720594999999999
2856,5.283661
2857,7.566053
2858,2.39989
2859,18.907948
2860,2.07741
2861,12.383755
2862,7.586577
2863,0.12184400000000001
2864,4.347608999999999
2865,0.769053
2866,2.2089060000000003
2867,12.854372999999999
2868,1.731527
2869,3.034823
2870,13.655752
2871,13.995044
2872,10.944654
2873,4.230046
2874,0.11006500000000001
2875,2.166081
2876,6.407207
2877,4.990506
2878,12.677592
2879,12.325947
2880,2.614074
2881,9.920223
2882,13.707888
2883,3.2166080000000004
2884,9.863584
2885,4.966657
2886,4.969851
2887,0.541397
2888,10.337689
2889,8.999948
2890,12.050759
2891,24.535733
2892,10.169411
2893,3.095584
2894,7.5253820000000005
2895,1.5234459999999999
2896,14.741992000000002
2897,5.8478449999999995
2898,10.076222999999999
2899,11.075674000000001
2900,9.998415
2901,0.560685
2902,9.883727
2903,10.714779
2904,16.770196
2905,19.348466000000002
2906,2.93818
2907,10.234919
2908,6.892828999999999
2909,14.362544
2910,10.829116
2911,5.120036
2912,13.02369
2913,2.4860729999999998
2914,4.766826
2915,9.48515
2916,2.48875
2917,8.405395
2918,16.179384
2919,4.2354400000000005
2920,1.628629
2921,0.042036000000000004
2922,0.8030930000000001
2923,4.755758999999999
2924,9.292099
2925,5.673744
2926,6.188286
2927,5.325766000000001
2928,12.996474000000001
2929,5.397405
2930,11.428941
2931,15.15267
2932,7.515631
2933,11.354247
2934,4.140398
2935,10.225555
2936,10.81552
2937,0.38744
2938,8.309565
2939,16.624854
2940,7.778097
2941,3.9371389999999997
2942,5.781667
2943,1.6754060000000002
2944,13.217623000000001
2945,13.5963
2946,3.3158269999999996
2947,0.205671
2948,0.185169
2949,13.912531
2950,2.753674
2951,14.015739000000002
2952,10.564701
2953,10.542026
2954,6.03633
2955,10.411608
2956,12.50422
2957,3.1508990000000003
2958,7.337905999999999
2959,0.9008639999999999
2960,3.9594110000000002
2961,5.805666
2962,12.650546
2963,16.392712
2964,1.7182369999999998
2965,2.726061
2966,13.52408
2967,11.366417
2968,9.333533000000001
2969,6.514132
2970,14.101101000000002
2971,9.805017
2972,4.414928
2973,4.154861
2974,3.868014
2975,5.871243
2976,11.618472
2977,4.372616000000001
2978,5.3962
2979,16.5293
2980,6.629999000000001
2981,0.350207
2982,3.0691080000000004
2983,4.8938120000000005
2984,5.660835
2985,13.334952
2986,5.388535
2987,12.553403
2988,1.292125
2989,0.9845149999999999
2990,0.851599
2991,1.56098
2992,4.7940879999999995
2993,3.878515
2994,14.092373
2995,7.438381
2996,9.85327
2997,3.727996
2998,14.482345
2999,15.725542
3000,10.512108999999999
